Date,Pred_Close_future10,Dummy,High,Low,Open,Close,Volume,Adj Close,Pred_Close_future10_offset
2020-09-01,,,23206.66015625,23047.76953125,23089.630859375,23138.0703125,59600000.0,23138.0703125,23893.710212992504
2020-09-02,,,23287.400390625,23170.8203125,23261.08984375,23247.150390625,52600000.0,23247.150390625,23859.125789458863
2020-09-03,,,23580.509765625,23426.109375,23524.490234375,23465.529296875,57500000.0,23465.529296875,23937.04371479526
2020-09-04,,,23257.689453125,23098.76953125,23130.3203125,23205.4296875,59300000.0,23205.4296875,23936.41413369216
2020-09-07,,,23218.220703125,23086.890625,23145.470703125,23089.94921875,57300000.0,23089.94921875,23875.941504873335
2020-09-08,,,23277.66015625,23129.66015625,23188.7890625,23274.130859375,62100000.0,23274.130859375,23950.48556856811
2020-09-09,,,23059.01953125,22878.7109375,22966.890625,23032.5390625,84400000.0,23032.5390625,23875.414528124966
2020-09-10,,,23250.310546875,23134.01953125,23193.470703125,23235.470703125,67600000.0,23235.470703125,23899.857838430675
2020-09-11,,,23412.9296875,23114.630859375,23114.630859375,23406.490234375,76900000.0,23406.490234375,23976.241265051067
2020-09-14,,,23582.2109375,23429.419921875,23431.16015625,23559.30078125,65400000.0,23559.30078125,23914.408750305418
2020-09-15,,,23477.859375,23351.349609375,23438.830078125,23454.890625,61800000.0,23454.890625,23782.550263842568
2020-09-16,,,23506.44921875,23397.4296875,23425.23046875,23475.529296875,63000000.0,23475.529296875,23702.400988169713
2020-09-17,,,23446.390625,23272.23046875,23416.619140625,23319.369140625,61100000.0,23319.369140625,23604.863374083303
2020-09-18,,,23398.4609375,23290.189453125,23321.189453125,23360.30078125,82600000.0,23360.30078125,23864.56600206718
2020-09-23,,,23370.130859375,23154.44921875,23245.890625,23346.490234375,77000000.0,23346.490234375,24125.01475951099
2020-09-24,,,23234.720703125,23039.48046875,23215.0,23087.8203125,70500000.0,23087.8203125,24182.499454974197
2020-09-25,,,23272.669921875,23154.66015625,23217.330078125,23204.619140625,72200000.0,23204.619140625,24581.68635980459
2020-09-28,,,23516.0390625,23303.029296875,23391.9609375,23511.619140625,82000000.0,23511.619140625,25023.512963780668
2020-09-29,,,23622.740234375,23347.640625,23410.5,23539.099609375,61300000.0,23539.099609375,25243.30455128709
2020-09-30,,,23522.380859375,23170.890625,23478.849609375,23185.119140625,88200000.0,23185.119140625,25160.139168470632
2020-10-02,,,23365.580078125,22951.41015625,23294.80078125,23029.900390625,86300000.0,23029.900390625,25169.40371505241
2020-10-05,,,23377.4296875,23252.689453125,23254.279296875,23312.140625,59500000.0,23312.140625,25535.820920389146
2020-10-06,,,23441.16015625,23331.400390625,23420.0703125,23433.73046875,57700000.0,23433.73046875,25753.33961363416
2020-10-07,,,23432.73046875,23272.44921875,23272.44921875,23422.8203125,52100000.0,23422.8203125,25771.76234157197
2020-10-08,,,23701.76953125,23477.73046875,23506.33984375,23647.0703125,56300000.0,23647.0703125,25719.15393692907
2020-10-09,,,23725.580078125,23552.73046875,23713.859375,23619.689453125,56100000.0,23619.689453125,25526.56238457188
2020-10-12,,,23597.91015625,23501.259765625,23588.740234375,23558.689453125,44900000.0,23558.689453125,25732.860150229884
2020-10-13,,,23667.900390625,23490.94921875,23667.900390625,23601.779296875,47200000.0,23601.779296875,26011.448157380568
2020-10-14,,,23656.69921875,23518.810546875,23545.66015625,23626.73046875,54000000.0,23626.73046875,26157.61826303741
2020-10-15,,,23581.16015625,23458.4296875,23548.44921875,23507.23046875,48300000.0,23507.23046875,26193.252511774655
2020-10-16,,,23538.740234375,23382.669921875,23478.400390625,23410.630859375,48100000.0,23410.630859375,26222.962561447173
2020-10-19,,,23707.16015625,23543.689453125,23543.689453125,23671.130859375,46300000.0,23671.130859375,26447.859711095458
2020-10-20,,,23674.869140625,23518.2890625,23587.869140625,23567.0390625,48700000.0,23567.0390625,26427.569070015103
2020-10-21,,,23702.30078125,23611.330078125,23615.51953125,23639.4609375,53300000.0,23639.4609375,26472.12992617674
2020-10-22,,,23555.779296875,23436.169921875,23525.58984375,23474.26953125,44900000.0,23474.26953125,26384.57974969456
2020-10-23,,,23587.900390625,23469.130859375,23558.7109375,23516.58984375,49200000.0,23516.58984375,26375.338865067344
2020-10-26,,,23572.599609375,23475.51953125,23520.779296875,23494.33984375,41700000.0,23494.33984375,26222.997867208906
2020-10-27,,,23485.80078125,23232.310546875,23376.9609375,23485.80078125,52700000.0,23485.80078125,26369.96053233277
2020-10-28,,,23451.029296875,23334.23046875,23372.609375,23418.509765625,67100000.0,23418.509765625,26343.121116941795
2020-10-29,23893.710212992504,,23374.099609375,23170.759765625,23170.759765625,23331.939453125,57500000.0,23331.939453125,26373.176953848917
2020-10-30,23859.125789458863,,23320.7109375,22948.470703125,23320.7109375,22977.130859375,76700000.0,22977.130859375,26100.10962780821
2020-11-02,23937.04371479526,,23370.91015625,23096.7890625,23110.740234375,23295.48046875,69700000.0,23295.48046875,26383.007619624026
2020-11-04,23936.41413369216,,23801.880859375,23505.779296875,23619.580078125,23695.23046875,81600000.0,23695.23046875,26500.047528645024
2020-11-05,23875.941504873335,,24112.419921875,23756.779296875,23776.19921875,24105.279296875,78600000.0,24105.279296875,26728.495323111303
2020-11-06,23950.48556856811,,24389.0,24039.16015625,24076.220703125,24325.23046875,73200000.0,24325.23046875,26745.055900099687
2020-11-09,23875.414528124966,,24962.80078125,24541.279296875,24568.83984375,24839.83984375,67000000.0,24839.83984375,26859.47922679782
2020-11-10,23899.857838430675,,25279.939453125,24833.1796875,25087.30078125,24905.58984375,128200000.0,24905.58984375,26563.440254502464
2020-11-11,23976.241265051067,,25401.30078125,25145.66015625,25145.66015625,25349.599609375,102500000.0,25349.599609375,26799.695288914954
2020-11-12,23914.408750305418,,25587.9609375,25316.599609375,25439.349609375,25520.880859375,80500000.0,25520.880859375,26863.44718739018
2020-11-13,23782.550263842568,,25456.1796875,25215.310546875,25405.640625,25385.869140625,77600000.0,25385.869140625,26830.876488618087
2020-11-16,23702.400988169713,,25928.1796875,25640.2890625,25652.689453125,25906.9296875,84900000.0,25906.9296875,27103.76903075166
2020-11-17,23604.863374083303,,26057.30078125,25851.5390625,26043.44921875,26014.619140625,84800000.0,26014.619140625,27266.542419209145
2020-11-18,23864.56600206718,,25882.140625,25656.69921875,25860.55078125,25728.140625,69200000.0,25728.140625,27361.5137799941
2020-11-19,24125.01475951099,,25650.859375,25474.939453125,25628.73046875,25634.33984375,82000000.0,25634.33984375,27448.027399979066
2020-11-20,24182.499454974197,,25555.369140625,25425.58984375,25486.830078125,25527.369140625,63400000.0,25527.369140625,27337.502125818282
2020-11-24,24581.68635980459,,26261.779296875,25901.44921875,25901.44921875,26165.58984375,81700000.0,26165.58984375,27507.330666066147
2020-11-25,25023.512963780668,,26706.419921875,26258.349609375,26468.51953125,26296.859375,92500000.0,26296.859375,27471.514630468562
2020-11-26,25243.30455128709,,26560.029296875,26255.470703125,26255.470703125,26537.310546875,63500000.0,26537.310546875,28004.029712276766
2020-11-27,25160.139168470632,,26672.400390625,26419.05078125,26530.279296875,26644.7109375,86200000.0,26644.7109375,28182.248350700364
2020-11-30,25169.40371505241,,26834.19921875,26405.830078125,26830.099609375,26433.619140625,147700000.0,26433.619140625,28100.65670713503
2020-12-01,25535.820920389146,,26852.16015625,26618.390625,26624.19921875,26787.5390625,73200000.0,26787.5390625,28617.4060346419
2020-12-02,25753.33961363416,,26889.900390625,26695.279296875,26884.990234375,26800.98046875,80200000.0,26800.98046875,28654.81062855106
2020-12-03,25771.76234157197,,26868.08984375,26719.23046875,26740.30078125,26809.369140625,69500000.0,26809.369140625,28540.714030193863
2020-12-04,25719.15393692907,,26799.830078125,26646.080078125,26697.259765625,26751.240234375,61600000.0,26751.240234375,28581.07676896616
2020-12-07,25526.56238457188,,26894.25,26500.3203125,26894.25,26547.439453125,61600000.0,26547.439453125,28453.649868845707
2020-12-08,25732.860150229884,,26523.30078125,26327.080078125,26380.3203125,26467.080078125,55100000.0,26467.080078125,28681.1647242622
2020-12-09,26011.448157380568,,26826.779296875,26520.599609375,26526.33984375,26817.939453125,61800000.0,26817.939453125,28836.105279925978
2020-12-10,26157.61826303741,,26852.76953125,26639.98046875,26688.5,26756.240234375,69200000.0,26756.240234375,28744.179207801353
2020-12-11,26193.252511774655,,26819.41015625,26553.009765625,26732.849609375,26652.51953125,74900000.0,26652.51953125,28643.71368532069
2020-12-14,26222.962561447173,,26870.470703125,26648.689453125,26659.529296875,26732.439453125,60000000.0,26732.439453125,28692.915266199736
2020-12-15,26447.859711095458,,26736.83984375,26605.5390625,26683.109375,26687.83984375,59300000.0,26687.83984375,28448.317430507857
2020-12-16,26427.569070015103,,26874.98046875,26717.029296875,26835.58984375,26757.400390625,61300000.0,26757.400390625,28234.264838845935
2020-12-17,26472.12992617674,,26843.05078125,26676.279296875,26744.5,26806.669921875,61500000.0,26806.669921875,28168.444643081166
2020-12-18,26384.57974969456,,26824.2890625,26707.30078125,26775.529296875,26763.390625,73800000.0,26763.390625,28249.429614845663
2020-12-21,26375.338865067344,,26905.669921875,26533.630859375,26834.099609375,26714.419921875,60700000.0,26714.419921875,28428.123835894978
2020-12-22,26222.997867208906,,26639.990234375,26361.66015625,26559.330078125,26436.390625,58600000.0,26436.390625,28383.24492374435
2020-12-23,26369.96053233277,,26585.2109375,26414.740234375,26580.4296875,26524.7890625,56000000.0,26524.7890625,28573.013322437182
2020-12-24,26343.121116941795,,26764.529296875,26605.259765625,26635.109375,26668.349609375,47900000.0,26668.349609375,28846.69193097856
2020-12-25,26373.176953848917,,26716.609375,26638.279296875,26708.099609375,26656.609375,33400000.0,26656.609375,29101.93769081682
2020-12-28,26100.10962780821,,26854.029296875,26664.599609375,26691.2890625,26854.029296875,50700000.0,26854.029296875,29380.55164026888
2020-12-29,26383.007619624026,,27602.51953125,26921.140625,26936.380859375,27568.150390625,59400000.0,27568.150390625,29872.017529140925
2020-12-30,26500.047528645024,,27572.5703125,27338.560546875,27559.099609375,27444.169921875,50600000.0,27444.169921875,29676.97803218616
2021-01-04,26728.495323111303,,27602.109375,27042.3203125,27575.5703125,27258.380859375,51500000.0,27258.380859375,29889.410327880643
2021-01-05,26745.055900099687,,27279.779296875,27073.4609375,27151.380859375,27158.630859375,55000000.0,27158.630859375,30036.965121000074
2021-01-06,26859.47922679782,,27196.400390625,27002.1796875,27102.849609375,27055.939453125,72700000.0,27055.939453125,30016.18913043849
2021-01-07,26563.440254502464,,27624.73046875,27340.4609375,27340.4609375,27490.130859375,98900000.0,27490.130859375,30061.92017006292
2021-01-08,26799.695288914954,,28139.029296875,27667.75,27720.140625,28139.029296875,84900000.0,28139.029296875,30434.736626409926
2021-01-12,26863.44718739018,,28287.369140625,27899.44921875,28004.369140625,28164.33984375,78800000.0,28164.33984375,30152.26640265528
2021-01-13,26830.876488618087,,28503.4296875,28133.58984375,28140.099609375,28456.58984375,70900000.0,28456.58984375,30335.531704210676
2021-01-14,27103.76903075166,,28979.529296875,28411.580078125,28442.73046875,28698.259765625,81900000.0,28698.259765625,30005.612282261252
2021-01-15,27266.542419209145,,28820.5,28477.029296875,28777.470703125,28519.1796875,74100000.0,28519.1796875,29712.95810674783
2021-01-18,27361.5137799941,,28349.970703125,28111.5390625,28238.6796875,28242.2109375,51900000.0,28242.2109375,29778.19237810839
2021-01-19,27448.027399979066,,28720.91015625,28373.33984375,28405.490234375,28633.4609375,58200000.0,28633.4609375,29908.84785253182
2021-01-20,27337.502125818282,,28801.189453125,28402.109375,28798.740234375,28523.259765625,69800000.0,28523.259765625,29470.627146408428
2021-01-21,27507.330666066147,,28846.150390625,28677.609375,28710.41015625,28756.859375,67700000.0,28756.859375,29346.503668777645
2021-01-22,27471.514630468562,,28698.1796875,28527.16015625,28580.19921875,28631.44921875,66900000.0,28631.44921875,29346.398548585363
2021-01-25,28004.029712276766,,28822.2890625,28566.849609375,28698.890625,28822.2890625,57300000.0,28822.2890625,29418.366938626394
2021-01-26,28182.248350700364,,28740.7109375,28527.810546875,28696.30078125,28546.1796875,63500000.0,28546.1796875,29316.56100565847
2021-01-27,28100.65670713503,,28754.990234375,28542.0,28665.33984375,28635.2109375,69000000.0,28635.2109375,29458.89831132721
2021-01-28,28617.4060346419,,28360.48046875,27975.849609375,28169.26953125,28197.419921875,123900000.0,28197.419921875,29573.527728097048
2021-01-29,28654.81062855106,,28320.720703125,27629.80078125,28320.720703125,27663.390625,91700000.0,27663.390625,29409.180871291086
2021-02-01,28540.714030193863,,28107.099609375,27649.0703125,27649.0703125,28091.05078125,65700000.0,28091.05078125,30093.146543811075
2021-02-02,28581.07676896616,,28379.310546875,28089.119140625,28207.48046875,28362.169921875,67500000.0,28362.169921875,30122.417432952672
2021-02-03,28453.649868845707,,28669.94921875,28402.30078125,28482.7109375,28646.5,84000000.0,28646.5,30357.488663196564
2021-02-04,28681.1647242622,,28600.220703125,28325.890625,28557.4609375,28341.94921875,81100000.0,28341.94921875,30002.28257929394
2021-02-05,28836.105279925978,,28785.7109375,28548.26953125,28631.4609375,28779.189453125,93200000.0,28779.189453125,29979.7072251013
2021-02-08,28744.179207801353,,29400.560546875,28817.599609375,28831.580078125,29388.5,93600000.0,29388.5,30124.66920632124
2021-02-09,28643.71368532069,,29585.75,29350.48046875,29435.609375,29505.9296875,86900000.0,29505.9296875,29575.813011530787
2021-02-10,28692.915266199736,,29562.9296875,29368.1796875,29412.55078125,29562.9296875,81100000.0,29562.9296875,29459.549751172308
2021-02-12,28448.317430507857,,29650.509765625,29417.3203125,29635.880859375,29520.0703125,79800000.0,29520.0703125,29532.7424713606
2021-02-15,28234.264838845935,,30092.33984375,29662.41015625,29662.41015625,30084.150390625,70300000.0,30084.150390625,30109.874993652338
2021-02-16,28168.444643081166,,30714.51953125,30191.650390625,30229.4609375,30467.75,81300000.0,30467.75,30208.32981042564
2021-02-17,28249.429614845663,,30398.19921875,30191.009765625,30366.8203125,30292.189453125,74800000.0,30292.189453125,30055.742972979904
2021-02-18,28428.123835894978,,30560.490234375,30140.009765625,30311.98046875,30236.08984375,77900000.0,30236.08984375,30086.43601175933
2021-02-19,28383.24492374435,,30169.58984375,29847.330078125,29970.58984375,30017.919921875,63700000.0,30017.919921875,30284.59055762505
2021-02-22,28573.013322437182,,30458.130859375,30089.1796875,30281.779296875,30156.029296875,62800000.0,30156.029296875,30473.931621406227
2021-02-24,28846.69193097856,,30089.58984375,29671.69921875,30020.109375,29671.69921875,79300000.0,29671.69921875,30296.02603701409
2021-02-25,29101.93769081682,,30213.279296875,30044.4296875,30077.26953125,30168.26953125,70100000.0,30168.26953125,30487.645921706222
2021-02-26,29380.55164026888,,29760.310546875,28966.009765625,29753.73046875,28966.009765625,92900000.0,28966.009765625,29793.8741511486
2021-03-01,29872.017529140925,,29686.390625,29396.0390625,29419.44921875,29663.5,62700000.0,29663.5,30415.518478810787
2021-03-02,29676.97803218616,,29996.390625,29314.8203125,29939.75,29408.169921875,70100000.0,29408.169921875,30024.957020705333
2021-03-03,29889.410327880643,,29604.369140625,29336.599609375,29482.119140625,29559.099609375,68800000.0,29559.099609375,30263.448805656284
2021-03-04,30036.965121000074,,29277.189453125,28711.0390625,29198.419921875,28930.109375,75200000.0,28930.109375,29962.233824409544
2021-03-05,30016.18913043849,,28867.830078125,28308.5703125,28725.48046875,28864.3203125,85800000.0,28864.3203125,30138.621410433203
2021-03-08,30061.92017006292,,29255.900390625,28644.259765625,29208.189453125,28743.25,92400000.0,28743.25,29830.024509638548
2021-03-09,30434.736626409926,,29053.560546875,28609.2109375,28748.869140625,29027.939453125,96700000.0,29027.939453125,30196.724170409143
2021-03-10,30152.26640265528,,29233.470703125,28960.08984375,29118.279296875,29036.560546875,83000000.0,29036.560546875,29795.052826280007
2021-03-11,30335.531704210676,,29255.419921875,28995.330078125,29033.919921875,29211.640625,78500000.0,29211.640625,29561.684795292094
2021-03-12,30005.612282261252,,29744.3203125,29210.400390625,29287.740234375,29717.830078125,96600000.0,29717.830078125,29829.06901841797
2021-03-15,29712.95810674783,,29884.73046875,29670.310546875,29804.5,29766.970703125,94100000.0,29766.970703125,29628.609387615812
2021-03-16,29778.19237810839,,30026.400390625,29755.470703125,29770.390625,29921.08984375,83800000.0,29921.08984375,29796.09595305985
2021-03-17,29908.84785253182,,29984.970703125,29825.16015625,29836.830078125,29914.330078125,74600000.0,29914.330078125,29809.309433364775
2021-03-18,29470.627146408428,,30485.0,30041.5,30148.48046875,30216.75,95400000.0,30216.75,29854.809253692627
2021-03-19,29346.503668777645,,30049.76953125,29621.220703125,29904.5703125,29792.05078125,128500000.0,29792.05078125,29656.81895093643
2021-03-22,29346.398548585363,,29472.98046875,29107.630859375,29444.099609375,29174.150390625,78800000.0,29174.150390625,29530.214077370474
2021-03-23,29418.366938626394,,29496.830078125,28995.919921875,29381.490234375,28995.919921875,79200000.0,28995.919921875,29548.295713805594
2021-03-24,29316.56100565847,,28867.669921875,28379.060546875,28765.55078125,28405.51953125,96000000.0,28405.51953125,29526.7112653153
2021-03-25,29458.89831132721,,28821.830078125,28414.919921875,28457.330078125,28729.880859375,72800000.0,28729.880859375,29650.858872892102
2021-03-26,29573.527728097048,,29240.740234375,28953.220703125,29068.51953125,29176.69921875,73700000.0,29176.69921875,29355.263118885923
2021-03-29,29409.180871291086,,29578.369140625,29200.880859375,29478.119140625,29384.51953125,107900000.0,29384.51953125,28861.932992094895
2021-03-30,30093.146543811075,,29478.19921875,29283.890625,29365.0390625,29432.69921875,79900000.0,29432.69921875,28809.389093892416
2021-03-31,30122.417432952672,,29348.990234375,29165.51953125,29278.330078125,29178.80078125,82000000.0,29178.80078125,28685.35547206062
2021-04-01,30357.488663196564,,29585.4609375,29318.8203125,29441.91015625,29388.869140625,75600000.0,29388.869140625,28844.71873325261
2021-04-02,30002.28257929394,,29869.669921875,29694.08984375,29704.66015625,29854.0,57200000.0,29854.0,29036.782851219177
2021-04-05,29979.7072251013,,30195.0,30024.25,30084.609375,30089.25,55400000.0,30089.25,29013.332389712334
2021-04-06,30124.66920632124,,30208.890625,29665.859375,30208.890625,29696.630859375,65500000.0,29696.630859375,28894.71355531714
2021-04-07,29575.813011530787,,29867.939453125,29523.55078125,29743.48046875,29730.7890625,61500000.0,29730.7890625,29168.26822683355
2021-04-08,29459.549751172308,,29744.7890625,29516.419921875,29675.880859375,29708.98046875,62600000.0,29708.98046875,29307.042280390393
2021-04-09,29532.7424713606,,30064.349609375,29768.060546875,29865.529296875,29768.060546875,64900000.0,29768.060546875,29274.44975304487
2021-04-12,30109.874993652338,,29876.0390625,29538.73046875,29874.4296875,29538.73046875,50200000.0,29538.73046875,29174.974058284424
2021-04-13,30208.32981042564,,29897.109375,29573.7890625,29605.689453125,29751.609375,54900000.0,29751.609375,29634.198697024025
2021-04-14,30055.742972979904,,29722.400390625,29567.1796875,29718.060546875,29620.990234375,57200000.0,29620.990234375,29599.295173168182
2021-04-15,30086.43601175933,,29787.66015625,29558.55078125,29573.900390625,29642.689453125,50600000.0,29642.689453125,29626.05463592999
2021-04-16,30284.59055762505,,29789.080078125,29621.830078125,29789.080078125,29683.369140625,49100000.0,29683.369140625,29551.187227457995
2021-04-19,30473.931621406227,,29808.009765625,29530.83984375,29688.3203125,29685.369140625,44700000.0,29685.369140625,29660.679130018456
2021-04-20,30296.02603701409,,29361.279296875,29014.359375,29355.869140625,29100.380859375,59900000.0,29100.380859375,29412.625296207843
2021-04-21,30487.645921706222,,28778.9296875,28419.83984375,28660.359375,28508.55078125,71000000.0,28508.55078125,29374.294210936874
2021-04-22,29793.8741511486,,29192.390625,28800.859375,28880.779296875,29188.169921875,55100000.0,29188.169921875,29744.39599268092
2021-04-23,30415.518478810787,,29035.33984375,28770.619140625,28939.119140625,29020.630859375,47500000.0,29020.630859375,29551.537066095043
2021-04-26,30024.957020705333,,29241.279296875,28896.369140625,29095.490234375,29126.23046875,49200000.0,29126.23046875,29521.18380496744
2021-04-27,30263.448805656284,,29187.109375,28990.189453125,29174.529296875,28991.890625,59400000.0,28991.890625,29406.011216921732
2021-04-28,29962.233824409544,,29139.69921875,28875.91015625,28935.509765625,29053.970703125,61400000.0,29053.970703125,29630.332271660212
2021-04-30,30138.621410433203,,29046.490234375,28760.26953125,28996.66015625,28812.630859375,78400000.0,28812.630859375,29591.03758745175
2021-05-06,29830.024509638548,,29430.220703125,28966.470703125,29024.009765625,29331.369140625,94300000.0,29331.369140625,29973.81173766288
2021-05-07,30196.724170409143,,29449.859375,29237.359375,29330.44921875,29357.8203125,67500000.0,29357.8203125,29755.648041034117
2021-05-10,29795.052826280007,,29685.41015625,29346.140625,29376.890625,29518.33984375,66300000.0,29518.33984375,29772.58805855876
2021-05-11,29561.684795292094,,29289.119140625,28535.359375,29238.560546875,28608.58984375,73200000.0,28608.58984375,28863.432706364896
2021-05-12,29829.06901841797,,28831.029296875,27888.58984375,28712.099609375,28147.509765625,90000000.0,28147.509765625,28831.611108302604
2021-05-13,29628.609387615812,,27961.9609375,27385.029296875,27929.009765625,27448.009765625,80500000.0,27448.009765625,28777.32903282903
2021-05-14,29796.09595305985,,28139.9609375,27723.69921875,27723.69921875,28084.470703125,73500000.0,28084.470703125,29293.66259654425
2021-05-17,29809.309433364775,,28312.779296875,27632.529296875,28310.4609375,27824.830078125,63900000.0,27824.830078125,29076.180015558377
2021-05-18,29854.809253692627,,28481.169921875,27931.5703125,27931.5703125,28406.83984375,74700000.0,28406.83984375,29609.816857310943
2021-05-19,29656.81895093643,,28216.650390625,27842.98046875,28031.220703125,28044.44921875,68700000.0,28044.44921875,29255.618842639495
2021-05-20,29530.214077370474,,28176.869140625,27821.9609375,27875.5,28098.25,56800000.0,28098.25,29312.8217073977
2021-05-21,29548.295713805594,,28411.560546875,28193.029296875,28269.609375,28317.830078125,58700000.0,28317.830078125,29220.100111875683
2021-05-24,29526.7112653153,,28584.1796875,28212.3203125,28212.3203125,28364.609375,54700000.0,28364.609375,29219.185150358826
2021-05-25,29650.858872892102,,28576.970703125,28443.740234375,28516.990234375,28553.98046875,54000000.0,28553.98046875,29199.79215197498
2021-05-26,29355.263118885923,,28710.830078125,28396.619140625,28396.619140625,28642.189453125,64200000.0,28642.189453125,29273.115310396766
2021-05-27,28861.932992094895,,28587.2109375,28360.560546875,28543.3203125,28549.009765625,138200000.0,28549.009765625,29007.945737706963
2021-05-28,28809.389093892416,,29194.109375,28899.66015625,28912.5390625,29149.41015625,80600000.0,29149.41015625,29116.820989710046
2021-05-31,28685.35547206062,,29147.7109375,28791.599609375,29019.44921875,28860.080078125,53800000.0,28860.080078125,28613.72237680026
2021-06-01,28844.71873325261,,29075.470703125,28611.25,28998.650390625,28814.33984375,47400000.0,28814.33984375,28859.966111677233
2021-06-02,29036.782851219177,,29003.55078125,28565.830078125,28730.810546875,28946.140625,71000000.0,28946.140625,29278.158607577905
2021-06-03,29013.332389712334,,29157.16015625,28879.150390625,28890.390625,29058.109375,58500000.0,29058.109375,29268.800038637593
2021-06-04,28894.71355531714,,28991.240234375,28764.6796875,28901.419921875,28941.51953125,55800000.0,28941.51953125,29148.011345561128
2021-06-07,29168.26822683355,,29241.19921875,28973.05078125,29214.0,29019.240234375,51000000.0,29019.240234375,28850.559964245767
2021-06-08,29307.042280390393,,29140.6796875,28897.640625,29046.029296875,28963.560546875,50400000.0,28963.560546875,28600.351090463577
2021-06-09,29274.44975304487,,28932.029296875,28801.830078125,28901.560546875,28860.80078125,50400000.0,28860.80078125,28365.609693855513
2021-06-10,29174.974058284424,,29007.529296875,28799.740234375,28799.740234375,28958.560546875,53300000.0,28958.560546875,28470.902387317037
2021-06-11,29634.198697024025,,29080.890625,28839.5390625,29030.0390625,28948.73046875,71100000.0,28948.73046875,28536.570525116986
2021-06-14,29599.295173168182,,29208.349609375,29026.26953125,29153.109375,29161.80078125,45000000.0,29161.80078125,28709.98554278165
2021-06-15,29626.05463592999,,29480.849609375,29235.7109375,29256.029296875,29441.30078125,53000000.0,29441.30078125,28727.815125808585
2021-06-16,29551.187227457995,,29434.099609375,29263.720703125,29306.140625,29291.009765625,52400000.0,29291.009765625,28601.659431225155
2021-06-17,29660.679130018456,,29197.6796875,28875.390625,29149.33984375,29018.330078125,56900000.0,29018.330078125,28412.951890290133
2021-06-18,29412.625296207843,,29136.740234375,28957.98046875,29136.740234375,28964.080078125,90200000.0,28964.080078125,28376.413934786688
2021-06-21,29374.294210936874,,28506.83984375,27795.859375,28506.83984375,28010.9296875,75800000.0,28010.9296875,28073.221773781814
2021-06-22,29744.39599268092,,28895.259765625,28494.4609375,28513.0703125,28884.130859375,67800000.0,28884.130859375,28566.929442275432
2021-06-23,29551.537066095043,,29007.830078125,28860.060546875,28886.919921875,28874.890625,51100000.0,28874.890625,28400.83873231057
2021-06-24,29521.18380496744,,28935.33984375,28758.369140625,28811.8203125,28875.23046875,44600000.0,28875.23046875,28529.00581876957
2021-06-25,29406.011216921732,,29174.169921875,28992.740234375,29137.30078125,29066.1796875,51600000.0,29066.1796875,28635.960029060952
2021-06-28,29630.332271660212,,29121.279296875,28984.9296875,29112.66015625,29048.01953125,47700000.0,29048.01953125,28742.55437291623
2021-06-29,29591.03758745175,,28951.6796875,28735.55078125,28927.439453125,28812.609375,59700000.0,28812.609375,28741.50014544837
2021-06-30,29973.81173766288,,28998.990234375,28779.759765625,28896.310546875,28791.529296875,54000000.0,28791.529296875,28696.048431216506
2021-07-01,29755.648041034117,,28833.169921875,28624.80078125,28832.41015625,28707.0390625,45900000.0,28707.0390625,28510.31530403765
2021-07-02,29772.58805855876,,28849.3203125,28688.630859375,28719.240234375,28783.279296875,47500000.0,28783.279296875,28457.69290766702
2021-07-05,28863.432706364896,,28731.0703125,28581.080078125,28709.5703125,28598.189453125,38500000.0,28598.189453125,28259.39467664028
2021-07-06,28831.611108302604,,28748.23046875,28587.609375,28677.94921875,28643.2109375,41700000.0,28643.2109375,28203.55688301241
2021-07-07,28777.32903282903,,28434.990234375,28161.75,28262.400390625,28366.94921875,60300000.0,28366.94921875,28052.514165144414
2021-07-08,29293.66259654425,,28366.759765625,28118.029296875,28332.630859375,28118.029296875,62200000.0,28118.029296875,27887.75000957132
2021-07-09,29076.180015558377,,28000.01953125,27419.400390625,27739.419921875,27940.419921875,82300000.0,27940.419921875,28272.150056664832
2021-07-12,29609.816857310943,,28595.119140625,28405.599609375,28412.69921875,28569.01953125,55500000.0,28569.01953125,28460.914336386835
2021-07-13,29255.618842639495,,28852.310546875,28699.0390625,28713.8203125,28718.240234375,49800000.0,28718.240234375,28472.192942051333
2021-07-14,29312.8217073977,,28696.80078125,28482.8203125,28517.310546875,28608.490234375,54800000.0,28608.490234375,28430.805098807672
2021-07-15,29220.100111875683,,28571.720703125,28240.2109375,28539.3203125,28279.08984375,53200000.0,28279.08984375,28296.946720469277
2021-07-16,29219.185150358826,,28201.30078125,27847.349609375,28039.259765625,28003.080078125,50400000.0,28003.080078125,28360.974763185484
2021-07-19,29199.79215197498,,27792.51953125,27493.630859375,27663.400390625,27652.740234375,49900000.0,27652.740234375,28516.904849016806
2021-07-20,29273.115310396766,,27564.51953125,27330.150390625,27351.80078125,27388.16015625,63000000.0,27388.16015625,28635.765636390075
2021-07-21,29007.945737706963,,27882.4296875,27438.0703125,27747.060546875,27548.0,51400000.0,27548.0,28848.31716632843
2021-07-26,29116.820989710046,,28036.470703125,27786.439453125,27990.470703125,27833.2890625,54500000.0,27833.2890625,29368.866539869457
2021-07-27,28613.72237680026,,28036.23046875,27862.689453125,27911.9296875,27970.220703125,51700000.0,27970.220703125,29831.829405396944
2021-07-28,28859.966111677233,,27809.859375,27466.990234375,27674.990234375,27581.66015625,57100000.0,27581.66015625,29846.085794325918
2021-07-29,29278.158607577905,,27798.05078125,27663.41015625,27722.609375,27782.419921875,67800000.0,27782.419921875,30029.42026512092
2021-07-30,29268.800038637593,,27699.349609375,27272.490234375,27677.890625,27283.58984375,70600000.0,27283.58984375,29830.2314333627
2021-08-02,29148.011345561128,,27834.599609375,27493.3203125,27493.3203125,27781.01953125,60100000.0,27781.01953125,30351.703581660055
2021-08-03,28850.559964245767,,27724.44921875,27492.400390625,27580.029296875,27641.830078125,57900000.0,27641.830078125,30386.130731877638
2021-08-04,28600.351090463577,,27636.33984375,27488.740234375,27612.900390625,27584.080078125,67500000.0,27584.080078125,30331.298731554765
2021-08-05,28365.609693855513,,27741.55078125,27526.669921875,27526.669921875,27728.119140625,55900000.0,27728.119140625,30423.802359866677
2021-08-06,28470.902387317037,,27888.869140625,27709.220703125,27709.220703125,27820.0390625,56400000.0,27820.0390625,30382.029869146645
2021-08-10,28536.570525116986,,28128.609375,27808.5390625,27887.029296875,27888.150390625,61400000.0,27888.150390625,30101.14811476739
2021-08-11,28709.98554278165,,28146.6796875,27974.990234375,28045.83984375,28070.509765625,67100000.0,28070.509765625,29957.278158876812
2021-08-12,28727.815125808585,,28279.80078125,28006.310546875,28177.19921875,28015.01953125,57900000.0,28015.01953125,29982.130494026933
2021-08-13,28601.659431225155,,28070.0,27949.330078125,28038.9609375,27977.150390625,55800000.0,27977.150390625,30129.05031874054
2021-08-16,28412.951890290133,,27833.2109375,27427.380859375,27806.109375,27523.189453125,57200000.0,27523.189453125,29929.190846286016
2021-08-17,28376.413934786688,,27750.390625,27424.470703125,27666.939453125,27424.470703125,49600000.0,27424.470703125,29601.995008166414
2021-08-18,28073.221773781814,,27671.5703125,27347.76953125,27418.080078125,27585.91015625,50100000.0,27585.91015625,29679.554632466752
2021-08-19,28566.929442275432,,27504.80078125,27255.580078125,27398.580078125,27281.169921875,65100000.0,27281.169921875,29176.231496055843
2021-08-20,28400.83873231057,,27316.7890625,26954.810546875,27238.44921875,27013.25,75800000.0,27013.25,28817.941148370504
2021-08-23,28529.00581876957,,27541.630859375,27193.099609375,27193.099609375,27494.240234375,56800000.0,27494.240234375,28637.446414831793
2021-08-24,28635.960029060952,,27817.890625,27653.23046875,27653.23046875,27732.099609375,57100000.0,27732.099609375,28326.468360027066
2021-08-25,28742.55437291623,,27897.720703125,27684.05078125,27768.130859375,27724.80078125,51500000.0,27724.80078125,28175.21681872243
2021-08-26,28741.50014544837,,27828.279296875,27684.5,27793.630859375,27742.2890625,48500000.0,27742.2890625,28333.82040276099
2021-08-27,28696.048431216506,,27670.66015625,27481.23046875,27581.240234375,27641.140625,49200000.0,27641.140625,28481.096245646477
2021-08-30,28510.31530403765,,27921.55078125,27656.630859375,27867.599609375,27789.2890625,58600000.0,27789.2890625,28597.134181831032
2021-08-31,28457.69290766702,,28158.94921875,27602.2109375,27690.76953125,28089.5390625,75900000.0,28089.5390625,28839.811589520425
2021-09-01,28259.39467664028,,28457.669921875,28179.0390625,28179.0390625,28451.01953125,64800000.0,28451.01953125,28960.69610214932
2021-09-02,28203.55688301241,,28626.19921875,28412.91015625,28522.4609375,28543.509765625,60100000.0,28543.509765625,29169.077039704425
2021-09-03,28052.514165144414,,29149.650390625,28607.869140625,28626.48046875,29128.109375,74900000.0,29128.109375,29718.959485428408
2021-09-06,27887.75000957132,,29705.0390625,29469.349609375,29501.220703125,29659.890625,68300000.0,29659.890625,29834.782195791602
2021-09-07,28272.150056664832,,30048.23046875,29838.4296875,29883.919921875,29916.140625,75200000.0,29916.140625,29969.599190231413
2021-09-08,28460.914336386835,,30241.869140625,29787.130859375,29819.55078125,30181.2109375,82500000.0,30181.2109375,30052.426596295554
2021-09-09,28472.192942051333,,30097.560546875,29909.919921875,29959.2109375,30008.189453125,78800000.0,30008.189453125,29693.392806556192
2021-09-10,28430.805098807672,,30381.83984375,30064.01953125,30089.44921875,30381.83984375,88800000.0,30381.83984375,29750.22551572905
2021-09-13,28296.946720469277,,30447.369140625,30229.009765625,30372.01953125,30447.369140625,64600000.0,30447.369140625,29840.46762335894
2021-09-14,28360.974763185484,,30795.779296875,30504.810546875,30584.76953125,30670.099609375,79100000.0,30670.099609375,29951.658530903864
2021-09-15,28516.904849016806,,30573.41015625,30347.30078125,30464.169921875,30511.7109375,68600000.0,30511.7109375,29849.07865391113
2021-09-16,28635.765636390075,,30622.390625,30202.509765625,30606.150390625,30323.33984375,69900000.0,30323.33984375,29642.51489227754
2021-09-17,28848.31716632843,,30541.990234375,30358.9296875,30387.5390625,30500.05078125,97900000.0,30500.05078125,30096.356164900353
2021-09-21,29368.866539869457,,30051.0,29832.51953125,30021.25,29839.7109375,76300000.0,29839.7109375,29977.771848309785
2021-09-22,29831.829405396944,,29868.099609375,29573.880859375,29744.73046875,29639.400390625,69000000.0,29639.400390625,30161.825858945493
2021-09-24,29846.085794325918,,30276.380859375,30110.30078125,30141.609375,30248.810546875,84600000.0,30248.810546875,30436.333809814416
2021-09-27,30029.42026512092,,30414.609375,30197.400390625,30277.8203125,30240.060546875,74600000.0,30240.060546875,30336.76188566326
2021-09-28,29830.2314333627,,30207.630859375,30001.990234375,30142.380859375,30183.9609375,89800000.0,30183.9609375,30287.225924366154
2021-09-29,30351.703581660055,,29679.259765625,29329.16015625,29611.919921875,29544.2890625,94700000.0,29544.2890625,29918.243063459173
2021-09-30,30386.130731877638,,29622.26953125,29311.33984375,29569.189453125,29452.66015625,99000000.0,29452.66015625,29775.815421197563
2021-10-01,30331.298731554765,,29393.669921875,28680.73046875,29235.109375,28771.0703125,82200000.0,28771.0703125,29577.939506446943
2021-10-04,30423.802359866677,,29046.060546875,28343.580078125,29044.470703125,28444.890625,76400000.0,28444.890625,29664.053086198866
2021-10-05,30382.029869146645,,28058.669921875,27460.2890625,28050.390625,27822.119140625,88200000.0,27822.119140625,29784.351771732327
2021-10-06,30101.14811476739,,28209.8203125,27293.619140625,28033.91015625,27528.869140625,100200000.0,27528.869140625,29586.607976626372
2021-10-07,29957.278158876812,,28015.109375,27607.970703125,27665.970703125,27678.2109375,79600000.0,27678.2109375,29658.214408624917
2021-10-08,29982.130494026933,,28321.349609375,28018.890625,28031.369140625,28048.939453125,82700000.0,28048.939453125,29763.28822183027
2021-10-11,30129.05031874054,,28581.359375,27893.3203125,27977.5703125,28498.19921875,72300000.0,28498.19921875,30160.82020354923
2021-10-12,29929.190846286016,,28468.880859375,28166.380859375,28458.880859375,28230.609375,66300000.0,28230.609375,29673.066072262824
2021-10-13,29601.995008166414,,28364.990234375,27993.4609375,28085.439453125,28140.279296875,63900000.0,28140.279296875,29705.19548228639
2021-10-14,29679.554632466752,,28576.6796875,28234.009765625,28264.41015625,28550.9296875,64800000.0,28550.9296875,29676.172739027068
2021-10-15,29176.231496055843,,29082.349609375,28726.220703125,28787.259765625,29068.630859375,66300000.0,29068.630859375,29415.02772839018
2021-10-18,28817.941148370504,,29144.330078125,28924.400390625,29093.8203125,29025.4609375,62600000.0,29025.4609375,29014.24154840829
2021-10-19,28637.446414831793,,29272.490234375,29075.369140625,29117.279296875,29215.51953125,57600000.0,29215.51953125,28840.480119113578
2021-10-20,28326.468360027066,,29489.109375,29222.3203125,29385.94921875,29255.55078125,66100000.0,29255.55078125,28607.077072615502
2021-10-21,28175.21681872243,,29220.8203125,28688.779296875,29152.740234375,28708.580078125,59100000.0,28708.580078125,28353.82483120938
2021-10-22,28333.82040276099,,28989.5,28546.5703125,28578.529296875,28804.849609375,60200000.0,28804.849609375,28660.33618137415
2021-10-25,28481.096245646477,,28668.69921875,28472.55078125,28527.130859375,28600.41015625,62700000.0,28600.41015625,28738.161541407462
2021-10-26,28597.134181831032,,29160.759765625,28893.94921875,28927.609375,29106.009765625,72800000.0,29106.009765625,29242.629468741594
2021-10-27,28839.811589520425,,29139.220703125,28870.25,29056.009765625,29098.240234375,70600000.0,29098.240234375,29376.099962412613
2021-10-28,28960.69610214932,,28895.109375,28693.060546875,28871.609375,28820.08984375,142800000.0,28820.08984375,29189.45704736607
2021-10-29,29169.077039704425,,29000.650390625,28475.060546875,28819.16015625,28892.689453125,104500000.0,28892.689453125,29338.151572433766
2021-11-01,29718.959485428408,,29666.830078125,29267.630859375,29330.6796875,29647.080078125,76700000.0,29647.080078125,29502.455011914135
2021-11-02,29834.782195791602,,29599.5703125,29457.1796875,29462.400390625,29520.900390625,71100000.0,29520.900390625,29269.575662815943
2021-11-04,29969.599190231413,,29880.810546875,29718.779296875,29859.740234375,29794.369140625,90400000.0,29794.369140625,29518.542577613378
2021-11-05,30052.426596295554,,29840.73046875,29504.0703125,29840.73046875,29611.5703125,73500000.0,29611.5703125,29413.94293859834
2021-11-08,29693.392806556192,,29735.44921875,29507.05078125,29735.44921875,29507.05078125,68300000.0,29507.05078125,29094.435770774726
2021-11-09,29750.22551572905,,29750.4609375,29240.310546875,29557.55078125,29285.4609375,65000000.0,29285.4609375,28996.949534559622
2021-11-10,29840.46762335894,,29296.880859375,29079.76953125,29209.060546875,29106.779296875,63900000.0,29106.779296875,29107.278947856277
2021-11-11,29951.658530903864,,29336.029296875,29040.080078125,29046.189453125,29277.859375,60600000.0,29277.859375,29401.30400469713
2021-11-12,29849.07865391113,,29661.220703125,29381.44921875,29381.44921875,29609.970703125,68400000.0,29609.970703125,29578.458560293657
2021-11-15,29642.51489227754,,29861.880859375,29718.2109375,29807.369140625,29776.80078125,60400000.0,29776.80078125,29524.183101081988
2021-11-16,30096.356164900353,,29960.9296875,29681.25,29749.7109375,29808.119140625,62000000.0,29808.119140625,29675.021037269733
2021-11-17,29977.771848309785,,29909.970703125,29623.7890625,29906.6796875,29688.330078125,63900000.0,29688.330078125,29580.802620816394
2021-11-18,30161.825858945493,,29715.94921875,29402.5703125,29597.9296875,29598.66015625,65400000.0,29598.66015625,29573.21837388794
2021-11-19,30436.333809814416,,29768.5390625,29589.189453125,29641.05078125,29745.869140625,65600000.0,29745.869140625,
2021-11-22,30336.76188566326,,29806.490234375,29542.2890625,29618.55078125,29774.109375,58800000.0,29774.109375,
2021-11-24,30287.225924366154,,29758.05078125,29212.9296875,29663.44921875,29302.66015625,69500000.0,29302.66015625,
2021-11-25,29918.243063459173,,29570.419921875,29444.44921875,29469.650390625,29499.279296875,50700000.0,29499.279296875,
2021-11-26,29775.815421197563,,29332.990234375,28605.609375,29324.470703125,28751.619140625,72900000.0,28751.619140625,
2021-11-29,29577.939506446943,,28776.33984375,28187.119140625,28337.9609375,28283.919921875,85900000.0,28283.919921875,
2021-11-30,29664.053086198866,,28718.69921875,27819.140625,28611.73046875,27821.759765625,140700000.0,27821.759765625,
2021-12-01,29784.351771732327,,28106.30078125,27594.009765625,27866.73046875,27935.619140625,80900000.0,27935.619140625,
2021-12-02,29586.607976626372,,27938.55078125,27644.9609375,27716.19921875,27753.369140625,77400000.0,27753.369140625,
2021-12-03,29658.214408624917,,28029.5703125,27588.609375,27841.05078125,28029.5703125,71900000.0,28029.5703125,
2021-12-06,29763.28822183027,,28081.0390625,27693.91015625,28069.9609375,27927.369140625,61700000.0,27927.369140625,
2021-12-07,30160.82020354923,,28618.4609375,27961.66015625,28138.8203125,28455.599609375,78300000.0,28455.599609375,
2021-12-08,29673.066072262824,,28897.439453125,28621.470703125,28792.890625,28860.619140625,72000000.0,28860.619140625,
2021-12-09,29705.19548228639,,28908.2890625,28725.470703125,28827.3203125,28725.470703125,54400000.0,28725.470703125,
2021-12-10,29676.172739027068,,28699.009765625,28392.869140625,28542.5,28437.76953125,63400000.0,28437.76953125,
2021-12-13,29415.02772839018,,28793.3203125,28593.44921875,28705.259765625,28640.490234375,53500000.0,28640.490234375,
2021-12-14,29014.24154840829,,28672.9609375,28309.669921875,28554.859375,28432.640625,55200000.0,28432.640625,
2021-12-15,28840.480119113578,,28525.830078125,28358.470703125,28358.470703125,28459.720703125,55900000.0,28459.720703125,
2021-12-16,28607.077072615502,,29070.080078125,28782.189453125,28868.369140625,29066.3203125,60300000.0,29066.3203125,
2021-12-17,28353.82483120938,,28904.939453125,28503.080078125,28854.599609375,28545.6796875,84400000.0,28545.6796875,
2021-12-20,28660.33618137415,,28441.509765625,27893.1796875,28325.4609375,27937.810546875,65200000.0,27937.810546875,
2021-12-21,28738.161541407462,,28533.740234375,28226.4296875,28309.599609375,28517.58984375,55800000.0,28517.58984375,
2021-12-22,29242.629468741594,,28673.76953125,28473.849609375,28614.060546875,28562.2109375,44700000.0,28562.2109375,
2021-12-23,29376.099962412613,,28798.369140625,28640.150390625,28703.009765625,28798.369140625,43600000.0,28798.369140625,
2021-12-24,29189.45704736607,,28870.130859375,28773.5,28836.05078125,28782.58984375,35900000.0,28782.58984375,
2021-12-27,29338.151572433766,,28805.279296875,28658.8203125,28786.330078125,28676.4609375,37500000.0,28676.4609375,
2021-12-28,29502.455011914135,,29121.009765625,28879.6796875,28953.3203125,29069.16015625,47000000.0,29069.16015625,
2021-12-29,29269.575662815943,,29106.279296875,28729.609375,28995.73046875,28906.880859375,44700000.0,28906.880859375,
2021-12-30,29518.542577613378,,28904.419921875,28579.490234375,28794.240234375,28791.7109375,40400000.0,28791.7109375,
2022-01-04,29413.94293859834,1.0,,,,,,,
2022-01-05,29094.435770774726,1.0,,,,,,,
2022-01-06,28996.949534559622,1.0,,,,,,,
2022-01-07,29107.278947856277,1.0,,,,,,,
2022-01-11,29401.30400469713,1.0,,,,,,,
2022-01-12,29578.458560293657,1.0,,,,,,,
2022-01-13,29524.183101081988,1.0,,,,,,,
2022-01-14,29675.021037269733,1.0,,,,,,,
2022-01-17,29580.802620816394,1.0,,,,,,,
2022-01-18,29573.21837388794,1.0,,,,,,,
2022-01-19,,1.0,,,,,,,
2022-01-20,,1.0,,,,,,,
2022-01-21,,1.0,,,,,,,
2022-01-24,,1.0,,,,,,,
2022-01-25,,1.0,,,,,,,
2022-01-26,,1.0,,,,,,,
2022-01-27,,1.0,,,,,,,
2022-01-28,,1.0,,,,,,,
2022-01-31,,1.0,,,,,,,
2022-02-01,,1.0,,,,,,,
2022-02-02,,1.0,,,,,,,
2022-02-03,,1.0,,,,,,,
2022-02-04,,1.0,,,,,,,
2022-02-07,,1.0,,,,,,,
2022-02-08,,1.0,,,,,,,
2022-02-09,,1.0,,,,,,,
2022-02-10,,1.0,,,,,,,
2022-02-14,,1.0,,,,,,,
2022-02-15,,1.0,,,,,,,
2022-02-16,,1.0,,,,,,,
2022-02-17,,1.0,,,,,,,
2022-02-18,,1.0,,,,,,,
2022-02-21,,1.0,,,,,,,
2022-02-22,,1.0,,,,,,,
2022-02-24,,1.0,,,,,,,
2022-02-25,,1.0,,,,,,,
2022-02-28,,1.0,,,,,,,
2022-03-01,,1.0,,,,,,,
2022-03-02,,1.0,,,,,,,
2022-03-03,,1.0,,,,,,,
2022-03-04,,1.0,,,,,,,
2022-03-07,,1.0,,,,,,,
2022-03-08,,1.0,,,,,,,
2022-03-09,,1.0,,,,,,,
2022-03-10,,1.0,,,,,,,
2022-03-11,,1.0,,,,,,,
2022-03-14,,1.0,,,,,,,
2022-03-15,,1.0,,,,,,,
2022-03-16,,1.0,,,,,,,
2022-03-17,,1.0,,,,,,,
2022-03-18,,1.0,,,,,,,
2022-03-22,,1.0,,,,,,,
2022-03-23,,1.0,,,,,,,
2022-03-24,,1.0,,,,,,,
2022-03-25,,1.0,,,,,,,
2022-03-28,,1.0,,,,,,,
2022-03-29,,1.0,,,,,,,
2022-03-30,,1.0,,,,,,,
2022-03-31,,1.0,,,,,,,
2022-04-01,,1.0,,,,,,,
2022-04-04,,1.0,,,,,,,
2022-04-05,,1.0,,,,,,,
2022-04-06,,1.0,,,,,,,
2022-04-07,,1.0,,,,,,,
2022-04-08,,1.0,,,,,,,
2022-04-11,,1.0,,,,,,,
2022-04-12,,1.0,,,,,,,
2022-04-13,,1.0,,,,,,,
2022-04-14,,1.0,,,,,,,
2022-04-15,,1.0,,,,,,,
2022-04-18,,1.0,,,,,,,
2022-04-19,,1.0,,,,,,,
2022-04-20,,1.0,,,,,,,
2022-04-21,,1.0,,,,,,,
2022-04-22,,1.0,,,,,,,
2022-04-25,,1.0,,,,,,,
2022-04-26,,1.0,,,,,,,
2022-04-27,,1.0,,,,,,,
2022-04-28,,1.0,,,,,,,
2022-05-02,,1.0,,,,,,,
2022-05-06,,1.0,,,,,,,
2022-05-09,,1.0,,,,,,,
2022-05-10,,1.0,,,,,,,
2022-05-11,,1.0,,,,,,,
2022-05-12,,1.0,,,,,,,
2022-05-13,,1.0,,,,,,,
2022-05-16,,1.0,,,,,,,
2022-05-17,,1.0,,,,,,,
2022-05-18,,1.0,,,,,,,
2022-05-19,,1.0,,,,,,,
2022-05-20,,1.0,,,,,,,
2022-05-23,,1.0,,,,,,,
2022-05-24,,1.0,,,,,,,
2022-05-25,,1.0,,,,,,,
2022-05-26,,1.0,,,,,,,
2022-05-27,,1.0,,,,,,,
2022-05-30,,1.0,,,,,,,
2022-05-31,,1.0,,,,,,,
2022-06-01,,1.0,,,,,,,
2022-06-02,,1.0,,,,,,,
2022-06-03,,1.0,,,,,,,
2022-06-06,,1.0,,,,,,,
2022-06-07,,1.0,,,,,,,
2022-06-08,,1.0,,,,,,,
2022-06-09,,1.0,,,,,,,
2022-06-10,,1.0,,,,,,,
2022-06-13,,1.0,,,,,,,
2022-06-14,,1.0,,,,,,,
2022-06-15,,1.0,,,,,,,
2022-06-16,,1.0,,,,,,,
2022-06-17,,1.0,,,,,,,
2022-06-20,,1.0,,,,,,,
2022-06-21,,1.0,,,,,,,
2022-06-22,,1.0,,,,,,,
2022-06-23,,1.0,,,,,,,
2022-06-24,,1.0,,,,,,,
2022-06-27,,1.0,,,,,,,
2022-06-28,,1.0,,,,,,,
2022-06-29,,1.0,,,,,,,
2022-06-30,,1.0,,,,,,,
2022-07-01,,1.0,,,,,,,
2022-07-04,,1.0,,,,,,,
2022-07-05,,1.0,,,,,,,
2022-07-06,,1.0,,,,,,,
2022-07-07,,1.0,,,,,,,
2022-07-08,,1.0,,,,,,,
2022-07-11,,1.0,,,,,,,
2022-07-12,,1.0,,,,,,,
2022-07-13,,1.0,,,,,,,
2022-07-14,,1.0,,,,,,,
2022-07-15,,1.0,,,,,,,
2022-07-19,,1.0,,,,,,,
2022-07-20,,1.0,,,,,,,
2022-07-21,,1.0,,,,,,,
2022-07-22,,1.0,,,,,,,
2022-07-25,,1.0,,,,,,,
2022-07-26,,1.0,,,,,,,
2022-07-27,,1.0,,,,,,,
2022-07-28,,1.0,,,,,,,
2022-07-29,,1.0,,,,,,,
2022-08-01,,1.0,,,,,,,
2022-08-02,,1.0,,,,,,,
2022-08-03,,1.0,,,,,,,
2022-08-04,,1.0,,,,,,,
2022-08-05,,1.0,,,,,,,
2022-08-08,,1.0,,,,,,,
2022-08-09,,1.0,,,,,,,
2022-08-10,,1.0,,,,,,,
2022-08-12,,1.0,,,,,,,
2022-08-15,,1.0,,,,,,,
2022-08-16,,1.0,,,,,,,
2022-08-17,,1.0,,,,,,,
2022-08-18,,1.0,,,,,,,
2022-08-19,,1.0,,,,,,,
2022-08-22,,1.0,,,,,,,
2022-08-23,,1.0,,,,,,,
2022-08-24,,1.0,,,,,,,
2022-08-25,,1.0,,,,,,,
2022-08-26,,1.0,,,,,,,
2022-08-29,,1.0,,,,,,,
2022-08-30,,1.0,,,,,,,
2022-08-31,,1.0,,,,,,,
2022-09-01,,1.0,,,,,,,
2022-09-02,,1.0,,,,,,,
2022-09-05,,1.0,,,,,,,
2022-09-06,,1.0,,,,,,,
2022-09-07,,1.0,,,,,,,
2022-09-08,,1.0,,,,,,,
2022-09-09,,1.0,,,,,,,
2022-09-12,,1.0,,,,,,,
2022-09-13,,1.0,,,,,,,
2022-09-14,,1.0,,,,,,,
2022-09-15,,1.0,,,,,,,
2022-09-16,,1.0,,,,,,,
2022-09-20,,1.0,,,,,,,
2022-09-21,,1.0,,,,,,,
2022-09-22,,1.0,,,,,,,
2022-09-26,,1.0,,,,,,,
2022-09-27,,1.0,,,,,,,
2022-09-28,,1.0,,,,,,,
2022-09-29,,1.0,,,,,,,
2022-09-30,,1.0,,,,,,,
2022-10-03,,1.0,,,,,,,
2022-10-04,,1.0,,,,,,,
2022-10-05,,1.0,,,,,,,
2022-10-06,,1.0,,,,,,,
2022-10-07,,1.0,,,,,,,
2022-10-11,,1.0,,,,,,,
2022-10-12,,1.0,,,,,,,
2022-10-13,,1.0,,,,,,,
2022-10-14,,1.0,,,,,,,
2022-10-17,,1.0,,,,,,,
2022-10-18,,1.0,,,,,,,
2022-10-19,,1.0,,,,,,,
2022-10-20,,1.0,,,,,,,
2022-10-21,,1.0,,,,,,,
2022-10-24,,1.0,,,,,,,
2022-10-25,,1.0,,,,,,,
2022-10-26,,1.0,,,,,,,
2022-10-27,,1.0,,,,,,,
2022-10-28,,1.0,,,,,,,
2022-10-31,,1.0,,,,,,,
2022-11-01,,1.0,,,,,,,
2022-11-02,,1.0,,,,,,,
2022-11-04,,1.0,,,,,,,
2022-11-07,,1.0,,,,,,,
2022-11-08,,1.0,,,,,,,
2022-11-09,,1.0,,,,,,,
2022-11-10,,1.0,,,,,,,
2022-11-11,,1.0,,,,,,,
2022-11-14,,1.0,,,,,,,
2022-11-15,,1.0,,,,,,,
2022-11-16,,1.0,,,,,,,
2022-11-17,,1.0,,,,,,,
2022-11-18,,1.0,,,,,,,
2022-11-21,,1.0,,,,,,,
2022-11-22,,1.0,,,,,,,
2022-11-24,,1.0,,,,,,,
2022-11-25,,1.0,,,,,,,
2022-11-28,,1.0,,,,,,,
2022-11-29,,1.0,,,,,,,
2022-11-30,,1.0,,,,,,,
2022-12-01,,1.0,,,,,,,
2022-12-02,,1.0,,,,,,,
2022-12-05,,1.0,,,,,,,
2022-12-06,,1.0,,,,,,,
2022-12-07,,1.0,,,,,,,
2022-12-08,,1.0,,,,,,,
2022-12-09,,1.0,,,,,,,
2022-12-12,,1.0,,,,,,,
2022-12-13,,1.0,,,,,,,
2022-12-14,,1.0,,,,,,,
2022-12-15,,1.0,,,,,,,
2022-12-16,,1.0,,,,,,,
2022-12-19,,1.0,,,,,,,
2022-12-20,,1.0,,,,,,,
2022-12-21,,1.0,,,,,,,
2022-12-22,,1.0,,,,,,,
2022-12-23,,1.0,,,,,,,
2022-12-26,,1.0,,,,,,,
2022-12-27,,1.0,,,,,,,
2022-12-28,,1.0,,,,,,,
2022-12-29,,1.0,,,,,,,
2022-12-30,,1.0,,,,,,,
